region,empresa,pagina
Región Norte,SUKARNE,4
Región Norte,CONVERTIPAP,4
Región Norte,EAGLE,4
Región Norte,FERPER SPRINGS,4
Región Norte,INTERAUTO SUNSHADE AND PLASTIC DIVISION,4
Región Norte,JOPP AUTOMOTIVE DE MÉXICO,4
Región Norte,TBP,4
Región Norte,TRECK PLASTICK AUTOMOTIVE,4
Región Norte,ESPAMEX,4
Región Norte,KIMBERLY-CLARK,4
Región Norte,ELECTRODOMÉSTICOS ROSAN,4
Región Norte,FUNHEDI,4
Región Norte,METALÚRGICA XICOHTÉNCATL,4
Región Norte,MS SINTERIZADOS DE TLAXCALA,4
Región Norte,SIIMSA,4
Región Norte,VEMEQUIM,4
Región Norte,ANTEXTEXTIL,4
Región Norte,ERMO INDUSTRIAL,4
Región Norte,OMK CASUAL SLAKS,4
Región Norte,ASERRADERO EL SABINO,4
Región Oriente,BURY,5
Región Oriente,CEBI,5
Región Oriente,CLERPREM,5
Región Oriente,KNIPPING AUTOMOTIVE,5
Región Oriente,ALTECSA,5
Región Oriente,COMERCIALIZADORA GONAC,5
Región Oriente,FRIOTECH SWEET DE MÉXICO,5
Región Oriente,LA MORENA,5
Región Oriente,QUESOMEX,5
Región Oriente,MABESSER CONSTRUCCIONES,5
Región Oriente,BISSÚ COSMÉTICOS (PLÁSTICOS),5
Región Oriente,COGNE MÉXICO,5
Región Oriente,TREFILADOS INOXIDABLES DE MÉXICO,5
Región Oriente,FERTIGRUN,5
Región Oriente,SÍNTESIS Y PROCESADOS DE MÉXICO,5
Región Oriente,COATS MÉXICO - PLANTA HUAMANTLA,5
Región Oriente,ZENTRIX - HUAMANTLA,5
Región Oriente,DICSA,5
Región Oriente,ARCOMEX - ATLTZAYANCA,5
Región Oriente,MOTHERSON,5
Región Oriente,TECNOSUELO,5
Región Oriente,GRUPO ANTOLIN,5
Región Oriente,LEAR CORPORATION - HUAMANTLA,5
Región Oriente,SONAVOX,5
Región Oriente,COLOR LINK,5
Región Oriente,KUHENE + NAGEL,5
Región Oriente,EMPACADORA SILVA,5
Región Oriente,DRISCOLL'S,5
Región Oriente,BISSÚ COSMÉTICOS (LA COQUETA),5
Región Oriente,CONFECCIONES SAN PABLO,5
Región Oriente,MAQUILADORA ALEXIS,5
Región Oriente,VERELAP,5
Región Oriente,MISS BY CFH,5
Región Oriente,CLOROBENCENOS,5
Región Oriente,CORPUS TRAILERS,5
Región Oriente,ISI,5
Región Oriente,MERCEDES-BENZ,5
Región Oriente,MIyM,5
Región Oriente,GRUPO MAULEC,5
Región Poniente,LOHR,6
Región Poniente,CEBADAS Y MALTAS (GRUPO MODELO),6
Región Poniente,HEXÁGONOS MEXICANOS,6
Región Poniente,GUANTES VITEX,6
Región Poniente,MOBI MODA PARA EL HOGAR,6
Región Poniente,ACEROS DEL TORO,6
Región Poniente,ENGIE,6
Región Poniente,CORCIMEX,6
Región Poniente,TEXTILES SANTA SUSANA,6
Región Poniente,ENEL GREEN POWER MÉXICO,6
Región Poniente,ARCOMEX - NANACAMILPA,6
Región Poniente,MANUFACTURAS NANACAMILPA,6
Región Poniente,CORPORATIVO MAGUEYERO SAN ISIDRO,6
Región Centro-Norte,ZWISSLER,7
Región Centro-Norte,BM PLASTIC,7
Región Centro-Norte,COINDU,7
Región Centro-Norte,DBW,7
Región Centro-Norte,EUWE EUGEN WEXLER DE MÉXICO,7
Región Centro-Norte,FEW AUTOMOTIVE GLASS APPLICATIONS MÉXICO,7
Región Centro-Norte,GLOBAL FLOCK DE MÉXICO,7
Región Centro-Norte,GRAMMER,7
Región Centro-Norte,ODW-ELEKTRIK,7
Región Centro-Norte,CAFÉ PUNTA DE CIELO-CONTROLADORA DE MARCAS PUNTA,7
Región Centro-Norte,CAFÉ PUNTA DEL CIELO-ALTA EXTRACCIÓN,7
Región Centro-Norte,CAFÉ PUNTA DEL CIELO-TORREFACTORA,7
Región Centro-Norte,DXN,7
Región Centro-Norte,COVIA,7
Región Centro-Norte,NOVACERAMIC,7
Región Centro-Norte,RAVASA,7
Región Centro-Norte,PLÁSTICOS ESPECIALES GAREN,7
Región Centro-Norte,POLYMAT,7
Región Centro-Norte,FETSA,7
Región Centro-Norte,APLICACIONES METÁLICAS DE APIZACO,7
Región Centro-Norte,FAMTO,7
Región Centro-Norte,GREENBRIER,7
Región Centro-Norte,MANUFACTURAS LOZANO,7
Región Centro-Norte,PRYSMIAN GROUP,7
Región Centro-Norte,GRUPO EXIGRAFIC,7
Región Centro-Norte,DOW,7
Región Centro-Norte,IQCHEMICALS & LABS,7
Región Centro-Norte,TEXNYLON,7
Región Centro-Norte,CONFECCIONES KRO,7
Región Centro-Norte,MORPHOPLAST,7
Región Centro-Norte,TEJIDOS INFANTILES DE TLAXCALA,7
Región Centro-Norte,MULTIPAK,7
Región Centro-Norte,SPONGE TECHNOLOGY CORPORATION,7
Región Centro-Norte,CRISTIAN LAY MÉXICO,7
Región Centro-Norte,FIBRAS PARA EL ASEO,7
Región Centro-Norte,FORESTAL LA REFORMA,7
Región Centro-Norte,IGASAMEX,7
Región Centro-Norte,METALART,7
Región Centro-Norte,OWENS CORNING,7
Región Centro-Norte,"SAINT-GOBAIN, PLANTA ADFORS",7
Región Centro-Norte,"SAINT-GOBAIN, PLANTA VETROTEX",7
Región Centro-Norte,RECICLABLES Y TRANSPORTES RAMÍREZ,7
Región Centro-Norte,123 SOURCING,7
Región Centro-Norte,FASTENAL,7
Región Centro-Norte,GRUPO RDA,7
Región Centro-Norte,ERICSSON,7
Región Centro-Norte,ACEROS ESPECIALES SIMEC,7
Región Centro-Norte,"GRUPO DANA MÉXICO, FORJAS TLAXCALA",7
Región Centro-Norte,AGROMAS,7
Región Centro-Norte,SIMEC,7
Región Centro-Norte,IQUISA,7
Región Centro-Norte,METAPOL,7
Región Centro-Norte,POLAQUIMIA,7
Región Centro-Norte,PROPYSOL,7
Región Centro-Norte,SÍNTESIS ORGÁNICAS,7
Región Centro-Norte,ZOMS IBC S.A. DE C.V,7
Región Centro-Norte,EPISA,7
Región Centro-Norte,INDUSTRIAS DERIVADAS DEL ETILENO,7
Región Centro-Norte,NOVIDESA,7
Región Centro-Norte,PROMATLAX,8
Región Centro-Norte,COCA-COLA FEMSA - PLANTA APIZACO,8
Región Centro-Norte,CELULOSA DE FIBRAS MEXICANAS,8
Región Centro-Norte,HOLLINGSWORTH & VOSE,8
Región Centro-Norte,ENVASES UNIVERSALES,8
Región Centro-Norte,GRUPO GORA,8
Región Centro-Norte,ATX BUSINESS SOLUTIONS,8
Región Centro-Norte,CALZADO ANEL,8
Región Centro-Norte,METAL Y MADERA CONSTRUCTIVOS JIM,8
Región Centro-Norte,PCMI,8
Región Centro-Norte,TRANSFORMACIONES METÁLICAS JARR,8
Región Centro-Norte,IMASA,8
Región Centro-Norte,BICILEYCA,8
Región Centro-Norte,FABRICACIÓN DE MUEBLES DE ACERO INOXIDABLE (FAMAI),8
Región Centro-Norte,BLUE TISSUE,8
Región Centro-Norte,FERGUSON FIBERS DE MÉXICO,8
Región Centro-Sur,EVOMAQ,9
Región Centro-Sur,SOMATICS,9
Región Centro-Sur,MATERIAS PRIMAS XILOXOXTLA,9
Región Centro-Sur,GRUPO EMPRESARIAL SALAVERRY,9
Región Centro-Sur,NITA PLASTICS,9
Región Centro-Sur,FLOWSERVE,9
Región Centro-Sur,MANUFACTURAS TÉCNICAS JIT,9
Región Centro-Sur,TREFILADORA ITA,9
Región Centro-Sur,GRUPO MABRO,9
Región Centro-Sur,HILATURAS EXCEL,9
Región Centro-Sur,RECUPERADORA TEXTIL,9
Región Centro-Sur,TECNIACRIL,9
Región Centro-Sur,TINTURA (SOLÁ TEXTIL),9
Región Centro-Sur,ACABADOS GALIA,9
Región Centro-Sur,GALIA TEXTIL,9
Región Centro-Sur,TEXTILES QUIRÚRGICOS,9
Región Centro-Sur,TORK ELECTRO SISTEMAS,9
Región Centro-Sur,EDREDONES EL CASTILLO,9
Región Centro-Sur,BUSTEXTIL,9
Región Centro-Sur,SPECIALITY WEAR & ACCESORIES,9
Región Centro-Sur,ALTEC MANUFACTURAS,9
Región Centro-Sur,CORLAN,9
Región Centro-Sur,COVATEX,9
Región Centro-Sur,GRAFIC DISA TEXTIL,9
Región Centro-Sur,GRUPO TEXTIL PROVIDENCIA,9
Región Centro-Sur,HILADOS Y TEJIDOS LA PAZ,9
Región Centro-Sur,HILALTEG,9
Región Centro-Sur,INTEL TEXTIL,9
Región Centro-Sur,LA LUZ,9
Región Centro-Sur,LANERA MODERNA,9
Región Centro-Sur,MARÍA SOCORRO ROSTRO ANAYA,9
Región Centro-Sur,REGENERADOS TLAXCALA,9
Región Centro-Sur,YALE DE MÉXICO,9
Región Centro-Sur,LANERA TEXTIL,9
Región Centro-Sur,GILBER-TEX,9
Región Centro-Sur,CHALES Y REBOZOS MAGO,9
Región Centro-Sur,COLCHAS Y COBERTORES SAN MIGUEL,9
Región Centro-Sur,HICOTEX,9
Región Centro-Sur,MAQUILADORA C.R.I.S.O.R,9
Región Centro-Sur,TEXTILES SAN MATEO,9
Región Centro-Sur,BOLTLAX,9
Región Centro-Sur,SMARTSOFT AMÉRICA BUSINESS APLICATIONS,9
Región Centro-Sur,BERTOLINIS,9
Región Centro-Sur,ECO-INDUSTRIAS SAN RAFAEL,9
Región Centro-Sur,HILATURAS IXCOTLA,9
Región Centro-Sur,LANERA NACIONAL,9
Región Centro-Sur,TECNODENIM,9
Región Centro-Sur,TEXTILES CARFER,9
Región Centro-Sur,CATSA PLANTA TLAXCALA,9
Región Centro-Sur,PROYECTOS E INGENIERÍA INDUSTRIAL FEHCO,9
Región Centro-Sur,PROIMET,9
Región Centro-Sur,PROVIDENCIA,9
Región Centro-Sur,DRESCA TEXTIL,9
Región Centro-Sur,GRUPO TEXTIL NETZAHUALCOYOTL,9
Región Centro-Sur,OSIRIS TEXTIL,9
Región Centro-Sur,TEXTILES EL ROSARIO,9
Región Centro-Sur,TEXTILES FRANK´S,9
Región Centro-Sur,TEXTILES JUAN CUAMATZI,9
Región Centro-Sur,TEXTILES Y MERCANCÍAS EN GENERAL,9
Región Centro-Sur,TEXTILES Y MERCANCÍAS EN GENERAL,9
Región Centro-Sur,MEXICAN SILICATES,9
Región Centro-Sur,A. PONZANELLI,9
Región Centro-Sur,AMERICAN STANDARD (LIXIL),9
Región Centro-Sur,PORCELANITE - PLANTA GRES,9
Región Centro-Sur,MAP GROUP,9
Región Centro-Sur,FIRE SPORTS,9
Región Centro-Sur,INTEMEC,10
Región Centro-Sur,MIP,10
Región Centro-Sur,ARCOMEX - TLAXCALA,10
Región Centro-Sur,FÁBRICA DE HIELO PLUS DE TLAXCALA,10
Región Centro-Sur,BIG PLASTICS,10
Región Centro-Sur,CONSTRUCCIONES Y MANUFACTURAS TEPEHITEC,10
Región Centro-Sur,@LEAR´S,10
Región Centro-Sur,MEXICAN PRODUCT FACTORY OF TROUSERS,10
Región Centro-Sur,CONFECCIONES XERCICE,10
Región Centro-Sur,EDESEG CREACIONES,10
Región Centro-Sur,CORPORATIVO ELVAN DE MÉXICO,10
Región Centro-Sur,INDUSTRIAS HERNA,10
Región Centro-Sur,AMATECH,10
Región Centro-Sur,CONFECCIONES ZAVALETA,10
Región Centro-Sur,AZVE,10
Región Centro-Sur,BLANCOS LA OROPÉNDOLA,10
Región Sur,ARCOMEX - IXTACUIXTLA,11
Región Sur,LACTO PRODUCTOS LA PROVIDENCIA,11
Región Sur,PORCELANITE - PLANTA KERÁMICA,11
Región Sur,BAYER,11
Región Sur,ADHESIVOS,11
Región Sur,BEKAERT,11
Región Sur,POLITEL,11
Región Sur,TAVEX,11
Región Sur,INNOVACIONES EN ILUMINACIÓN Y DISEÑO LEXA,11
Región Sur,LAVARTEX,11
Región Sur,SE BORDNETZE,11
Región Sur,ADIENT MÉXICO,11
Región Sur,ESTRAGONZA,11
Región Sur,ALPHA CERÁMICA,11
Región Sur,PORCELANITE - PLANTA PAVILLION,11
Región Sur,PORCELANITE - PLANTA PORCEL,11
Región Sur,SCHNEIDER ELECTRIC,11
Región Sur,COATS MÉXICO,11
Región Sur,GLOBAL PLAYERYTEES,11
Región Sur,LA REFORMA,11
Región Sur,TAURUS,11
Región Sur,FÁBRICA DE TALAVERA LA CORONA,11
Región Sur,AIRTEX,11
Región Sur,DARMEX,11
Región Sur,LEAR CORPORATION - PLANTA PAPALOTLA,11
Región Sur,ARCHER DANIELS MIDLAND - ADM,11
Región Sur,DISEÑO EN MÁRMOL CANTERA,11
Región Sur,DISEÑO EN PIEDRA,11
Región Sur,ITISA,11
Región Sur,ENVASES TP,11
Región Sur,GROUP SWEETLONG INTERNATIONAL,11
Región Sur,PLAMI,11
Región Sur,VALTIC,11
Región Sur,KAY INTERNACIONAL,11
Región Sur,PACTIV MÉXICO,11
Región Sur,SOLUTIA TLAXCALA (EASTMAN),11
Región Sur,GIABA MÉXICO,11
Región Sur,ORBIA,11
Región Sur,ORBIA,11
Región Sur,RESIRENE TLAXCALA,11
Región Sur,HANSUH PMS MÉXICO,11
Región Sur,FÁBRICAS SAN BUENAVENTURA,11
Región Sur,ROUNDERWEAR,11
Región Sur,TECNOACABADORA ZALDO,11
Región Sur,TEXTILES TENEXAC,11
Región Sur,UNIDAD ARZAFIL,11
Región Sur,ZULA TOP PRODUCTION,11
Región Sur,MODA Y CONFECCIONES DE PUEBLA,11
Región Sur,COLCHAS RAQUI,11
Región Sur,SENVATEX,11
Región Sur,AYOHUI,11
Región Sur,PRODUCTOS Y SERVICIOS NOPATLAX,11
Región Sur,MOLIENDAS TIZAYUCA,11
Región Sur,FIJODENT,11
Región Sur,CPE ELECTRÓNICA MÉXICO,11
Región Sur,ARTE CRUZ TALAVERA,12
Región Sur,FUNDIDORA INDUSTRIAL METÁLICA,12
Región Sur,FUNDIDORA INDUSTRIAL TLAXCALA,12
Región Sur,FYCOMEX,12
Región Sur,LUMISERVICIOS,12
Región Sur,MODELISTA INDUSTRIAL,12
Región Sur,PROCESOS METÁLICOS DE TLAXCALA,12
Región Sur,ARENAS TLAX MEX,12
Región Sur,THREE ROSES MANUFACTURING,12
Región Sur,T&R QUALITY IN SEAM,12
Región Sur,COMERCIALIZADORA INNOVATELAS MÉXICO,12
Región Sur,UNIJEANS,12
Región Sur,GASTEL HI,12
Región Sur,FASHIDENT,12
Región Sur,PRODUCTOS AMARANTELL,12
Región Sur,CONFECCIONES ROMERS,12
Región Sur,TALLER DE PABELLONES MUÑOZ,12
Región Sur,TEXTILES LA CONCORDIA,12
Región Sur,TRAPIMAX,12
Región Sur,CONFECCIONES ALDIMEX,12
Región Sur,TEXTILERA LA UNIÓN,12
Región Sur,CORDERICO DE MÉXICO,12
Región Sur,TELAS Y MEZCLILLAS MAC,12
